-- ============================================================
-- Sample data for Project Control
-- Run AFTER install.sql has been executed.
-- ============================================================

-- Projects
INSERT INTO pc_projects (pc_project_id, project_name) VALUES (1, 'APEX Migration');
INSERT INTO pc_projects (pc_project_id, project_name) VALUES (2, 'CRM Overhaul');
INSERT INTO pc_projects (pc_project_id, project_name) VALUES (3, 'Data Warehouse');
INSERT INTO pc_projects (pc_project_id, project_name) VALUES (4, 'Mobile App');
INSERT INTO pc_projects (pc_project_id, project_name) VALUES (5, 'Portal Redesign');
INSERT INTO pc_projects (pc_project_id, project_name) VALUES (6, 'Security Audit');

-- Owners
INSERT INTO pc_owners (pc_owner_id, owner_name) VALUES (1, 'Alice Meier');
INSERT INTO pc_owners (pc_owner_id, owner_name) VALUES (2, 'Bob Schulz');
INSERT INTO pc_owners (pc_owner_id, owner_name) VALUES (3, 'Carol Hansen');
INSERT INTO pc_owners (pc_owner_id, owner_name) VALUES (4, 'David Kim');
INSERT INTO pc_owners (pc_owner_id, owner_name) VALUES (5, 'Emma Bauer');
INSERT INTO pc_owners (pc_owner_id, owner_name) VALUES (6, 'Frank Lopes');
INSERT INTO pc_owners (pc_owner_id, owner_name) VALUES (7, 'Grace Liu');
INSERT INTO pc_owners (pc_owner_id, owner_name) VALUES (8, 'Hans Müller');

-- Milestones
INSERT INTO pc_milestones (pc_milestone_id, milestone_name) VALUES (1, 'M1 – Kickoff');
INSERT INTO pc_milestones (pc_milestone_id, milestone_name) VALUES (2, 'M2 – Design Freeze');
INSERT INTO pc_milestones (pc_milestone_id, milestone_name) VALUES (3, 'M3 – Dev Complete');
INSERT INTO pc_milestones (pc_milestone_id, milestone_name) VALUES (4, 'M4 – UAT');
INSERT INTO pc_milestones (pc_milestone_id, milestone_name) VALUES (5, 'M5 – Go-Live');

-- Deliverables
INSERT INTO pc_deliverables (pc_deliverable_id, deliverable_name) VALUES (1, 'API documentation');
INSERT INTO pc_deliverables (pc_deliverable_id, deliverable_name) VALUES (2, 'Approved architecture');
INSERT INTO pc_deliverables (pc_deliverable_id, deliverable_name) VALUES (3, 'Deployed release');
INSERT INTO pc_deliverables (pc_deliverable_id, deliverable_name) VALUES (4, 'Go-live checklist');
INSERT INTO pc_deliverables (pc_deliverable_id, deliverable_name) VALUES (5, 'Migration runbook');
INSERT INTO pc_deliverables (pc_deliverable_id, deliverable_name) VALUES (6, 'Performance benchmark');
INSERT INTO pc_deliverables (pc_deliverable_id, deliverable_name) VALUES (7, 'Signed requirements doc');
INSERT INTO pc_deliverables (pc_deliverable_id, deliverable_name) VALUES (8, 'Test report');
INSERT INTO pc_deliverables (pc_deliverable_id, deliverable_name) VALUES (9, 'Training material');
INSERT INTO pc_deliverables (pc_deliverable_id, deliverable_name) VALUES (10, 'Working prototype');

-- Tasks
INSERT INTO pc_tasks (pc_task_id, pc_project_id, task_name, priority, pc_owner_id, status, start_date, end_date, pc_milestone_id, pc_deliverable_id, notes) VALUES (1, 6, 'Architecture design', 'P0', 5, 'In progress', DATE '2025-12-24', DATE '2026-01-04', NULL, 2, NULL);
INSERT INTO pc_tasks (pc_task_id, pc_project_id, task_name, priority, pc_owner_id, status, start_date, end_date, pc_milestone_id, pc_deliverable_id, notes) VALUES (2, 1, 'Training workshop', 'P2', 1, 'Not started', DATE '2025-10-18', DATE '2025-11-03', 2, 6, 'Pending client approval');
INSERT INTO pc_tasks (pc_task_id, pc_project_id, task_name, priority, pc_owner_id, status, start_date, end_date, pc_milestone_id, pc_deliverable_id, notes) VALUES (3, 4, 'Frontend wireframes', 'P2', 7, 'In progress', DATE '2026-04-18', DATE '2026-05-28', 3, 7, 'Fast-tracked');
INSERT INTO pc_tasks (pc_task_id, pc_project_id, task_name, priority, pc_owner_id, status, start_date, end_date, pc_milestone_id, pc_deliverable_id, notes) VALUES (4, 6, 'User acceptance testing', 'P1', 5, 'In progress', DATE '2025-12-20', DATE '2026-02-09', 3, 2, 'Blocked by third-party');
INSERT INTO pc_tasks (pc_task_id, pc_project_id, task_name, priority, pc_owner_id, status, start_date, end_date, pc_milestone_id, pc_deliverable_id, notes) VALUES (5, 3, 'Architecture design', 'P1', 6, 'In progress', DATE '2025-09-23', DATE '2025-11-11', 4, 6, 'Blocked by third-party');
INSERT INTO pc_tasks (pc_task_id, pc_project_id, task_name, priority, pc_owner_id, status, start_date, end_date, pc_milestone_id, pc_deliverable_id, notes) VALUES (6, 3, 'Kick-off meeting', 'P2', 5, 'Complete', DATE '2026-06-23', DATE '2026-07-08', NULL, 2, 'Pending client approval');
INSERT INTO pc_tasks (pc_task_id, pc_project_id, task_name, priority, pc_owner_id, status, start_date, end_date, pc_milestone_id, pc_deliverable_id, notes) VALUES (7, 6, 'Backend scaffolding', 'P3', 5, 'Not started', DATE '2025-12-29', DATE '2026-02-25', 1, 5, 'Carryover from previous sprint');
INSERT INTO pc_tasks (pc_task_id, pc_project_id, task_name, priority, pc_owner_id, status, start_date, end_date, pc_milestone_id, pc_deliverable_id, notes) VALUES (8, 3, 'Sprint planning', 'P3', 6, 'In progress', DATE '2026-03-09', DATE '2026-04-03', 2, NULL, 'Carryover from previous sprint');
INSERT INTO pc_tasks (pc_task_id, pc_project_id, task_name, priority, pc_owner_id, status, start_date, end_date, pc_milestone_id, pc_deliverable_id, notes) VALUES (9, 6, 'Post-launch monitoring', 'P2', 2, 'In progress', DATE '2026-06-01', DATE '2026-07-20', 2, 10, 'High visibility item');
INSERT INTO pc_tasks (pc_task_id, pc_project_id, task_name, priority, pc_owner_id, status, start_date, end_date, pc_milestone_id, pc_deliverable_id, notes) VALUES (10, 3, 'Unit test setup', 'P2', 4, 'Complete', DATE '2025-09-29', DATE '2025-10-16', 1, 9, 'Low risk');
INSERT INTO pc_tasks (pc_task_id, pc_project_id, task_name, priority, pc_owner_id, status, start_date, end_date, pc_milestone_id, pc_deliverable_id, notes) VALUES (11, 5, 'Kick-off meeting', 'P1', 6, 'In progress', DATE '2026-05-14', DATE '2026-06-11', NULL, 1, 'Fast-tracked');
INSERT INTO pc_tasks (pc_task_id, pc_project_id, task_name, priority, pc_owner_id, status, start_date, end_date, pc_milestone_id, pc_deliverable_id, notes) VALUES (12, 5, 'Database schema', 'P1', 5, 'Complete', DATE '2026-06-26', DATE '2026-07-24', 3, 8, 'Fast-tracked');
INSERT INTO pc_tasks (pc_task_id, pc_project_id, task_name, priority, pc_owner_id, status, start_date, end_date, pc_milestone_id, pc_deliverable_id, notes) VALUES (13, 4, 'Documentation', 'P0', 1, 'Not started', DATE '2025-11-18', DATE '2025-12-31', 2, NULL, 'Low risk');
INSERT INTO pc_tasks (pc_task_id, pc_project_id, task_name, priority, pc_owner_id, status, start_date, end_date, pc_milestone_id, pc_deliverable_id, notes) VALUES (14, 4, 'Kick-off meeting', 'P2', 7, 'Blocked', DATE '2026-05-29', DATE '2026-06-17', 5, 7, 'Blocked by third-party');
INSERT INTO pc_tasks (pc_task_id, pc_project_id, task_name, priority, pc_owner_id, status, start_date, end_date, pc_milestone_id, pc_deliverable_id, notes) VALUES (15, 6, 'Localisation', 'P2', 5, 'Complete', DATE '2025-10-28', DATE '2025-11-18', 4, 10, 'High visibility item');
INSERT INTO pc_tasks (pc_task_id, pc_project_id, task_name, priority, pc_owner_id, status, start_date, end_date, pc_milestone_id, pc_deliverable_id, notes) VALUES (16, 1, 'Vendor evaluation', 'P2', 5, 'On hold', DATE '2025-12-01', DATE '2026-01-05', 1, NULL, 'Carryover from previous sprint');
INSERT INTO pc_tasks (pc_task_id, pc_project_id, task_name, priority, pc_owner_id, status, start_date, end_date, pc_milestone_id, pc_deliverable_id, notes) VALUES (17, 6, 'Deployment to staging', 'P2', 4, 'In progress', DATE '2026-03-11', DATE '2026-05-01', 2, 6, NULL);
INSERT INTO pc_tasks (pc_task_id, pc_project_id, task_name, priority, pc_owner_id, status, start_date, end_date, pc_milestone_id, pc_deliverable_id, notes) VALUES (18, 1, 'Sign-off / handover', 'P1', 8, 'Not started', DATE '2025-10-28', DATE '2025-11-23', 3, 8, 'Pending client approval');
INSERT INTO pc_tasks (pc_task_id, pc_project_id, task_name, priority, pc_owner_id, status, start_date, end_date, pc_milestone_id, pc_deliverable_id, notes) VALUES (19, 2, 'Localisation', 'P2', 2, 'Not started', DATE '2026-05-07', DATE '2026-07-01', 1, 6, 'Fast-tracked');
INSERT INTO pc_tasks (pc_task_id, pc_project_id, task_name, priority, pc_owner_id, status, start_date, end_date, pc_milestone_id, pc_deliverable_id, notes) VALUES (20, 2, 'Retrospective', 'P2', 3, 'In progress', DATE '2026-05-29', DATE '2026-07-26', 5, 5, 'Needs revisit after M3');
INSERT INTO pc_tasks (pc_task_id, pc_project_id, task_name, priority, pc_owner_id, status, start_date, end_date, pc_milestone_id, pc_deliverable_id, notes) VALUES (21, 4, 'Data migration', 'P2', 4, 'In progress', DATE '2026-03-24', DATE '2026-05-08', NULL, 9, 'High visibility item');
INSERT INTO pc_tasks (pc_task_id, pc_project_id, task_name, priority, pc_owner_id, status, start_date, end_date, pc_milestone_id, pc_deliverable_id, notes) VALUES (22, 4, 'Bug fixing', 'P0', 4, 'In progress', DATE '2025-10-03', DATE '2025-10-27', 1, 4, NULL);
INSERT INTO pc_tasks (pc_task_id, pc_project_id, task_name, priority, pc_owner_id, status, start_date, end_date, pc_milestone_id, pc_deliverable_id, notes) VALUES (23, 2, 'Training workshop', 'P1', 1, 'Not started', DATE '2025-10-01', DATE '2025-10-18', 1, 7, 'Owner on PTO next week');
INSERT INTO pc_tasks (pc_task_id, pc_project_id, task_name, priority, pc_owner_id, status, start_date, end_date, pc_milestone_id, pc_deliverable_id, notes) VALUES (24, 1, 'Deployment to staging', 'P1', 5, 'Blocked', DATE '2025-12-19', DATE '2026-01-25', 2, NULL, 'High visibility item');
INSERT INTO pc_tasks (pc_task_id, pc_project_id, task_name, priority, pc_owner_id, status, start_date, end_date, pc_milestone_id, pc_deliverable_id, notes) VALUES (25, 2, 'Integration testing', 'P2', 7, 'In progress', DATE '2025-10-19', DATE '2025-10-28', NULL, 5, 'Owner on PTO next week');
INSERT INTO pc_tasks (pc_task_id, pc_project_id, task_name, priority, pc_owner_id, status, start_date, end_date, pc_milestone_id, pc_deliverable_id, notes) VALUES (26, 3, 'User acceptance testing', 'P2', 1, 'Not started', DATE '2025-10-02', DATE '2025-10-30', NULL, 9, 'Blocked by third-party');
INSERT INTO pc_tasks (pc_task_id, pc_project_id, task_name, priority, pc_owner_id, status, start_date, end_date, pc_milestone_id, pc_deliverable_id, notes) VALUES (27, 2, 'Frontend wireframes', 'P1', 8, 'In progress', DATE '2026-04-05', DATE '2026-04-19', 3, 1, 'Needs revisit after M3');
INSERT INTO pc_tasks (pc_task_id, pc_project_id, task_name, priority, pc_owner_id, status, start_date, end_date, pc_milestone_id, pc_deliverable_id, notes) VALUES (28, 1, 'Bug fixing', 'P3', 2, 'Not started', DATE '2026-06-04', DATE '2026-07-30', 1, 2, 'Needs revisit after M3');
INSERT INTO pc_tasks (pc_task_id, pc_project_id, task_name, priority, pc_owner_id, status, start_date, end_date, pc_milestone_id, pc_deliverable_id, notes) VALUES (29, 2, 'User acceptance testing', 'P2', 8, 'In progress', DATE '2026-03-25', DATE '2026-05-24', 1, 10, 'Low risk');
INSERT INTO pc_tasks (pc_task_id, pc_project_id, task_name, priority, pc_owner_id, status, start_date, end_date, pc_milestone_id, pc_deliverable_id, notes) VALUES (30, 1, 'Security review', 'P1', 8, 'In progress', DATE '2026-04-05', DATE '2026-05-22', NULL, 6, 'High visibility item');
INSERT INTO pc_tasks (pc_task_id, pc_project_id, task_name, priority, pc_owner_id, status, start_date, end_date, pc_milestone_id, pc_deliverable_id, notes) VALUES (31, 2, 'Frontend wireframes', 'P1', 4, 'Not started', DATE '2026-06-24', DATE '2026-08-13', 5, 7, 'Owner on PTO next week');
INSERT INTO pc_tasks (pc_task_id, pc_project_id, task_name, priority, pc_owner_id, status, start_date, end_date, pc_milestone_id, pc_deliverable_id, notes) VALUES (32, 1, 'Stakeholder interview', 'P2', 8, 'On hold', DATE '2026-05-30', DATE '2026-06-12', 1, 6, 'Blocked by third-party');
INSERT INTO pc_tasks (pc_task_id, pc_project_id, task_name, priority, pc_owner_id, status, start_date, end_date, pc_milestone_id, pc_deliverable_id, notes) VALUES (33, 2, 'Kick-off meeting', 'P2', 2, 'In progress', DATE '2026-03-26', DATE '2026-04-05', 5, 8, 'Pending client approval');
INSERT INTO pc_tasks (pc_task_id, pc_project_id, task_name, priority, pc_owner_id, status, start_date, end_date, pc_milestone_id, pc_deliverable_id, notes) VALUES (34, 4, 'Kick-off meeting', 'P2', 6, 'In progress', DATE '2025-12-14', DATE '2026-01-28', NULL, 9, 'Needs revisit after M3');
INSERT INTO pc_tasks (pc_task_id, pc_project_id, task_name, priority, pc_owner_id, status, start_date, end_date, pc_milestone_id, pc_deliverable_id, notes) VALUES (35, 5, 'Security review', 'P1', 5, 'Blocked', DATE '2026-02-09', DATE '2026-04-01', 1, 7, 'High visibility item');
INSERT INTO pc_tasks (pc_task_id, pc_project_id, task_name, priority, pc_owner_id, status, start_date, end_date, pc_milestone_id, pc_deliverable_id, notes) VALUES (36, 4, 'Training workshop', 'P0', 2, 'On hold', DATE '2025-12-19', DATE '2026-01-23', 3, 10, 'Owner on PTO next week');
INSERT INTO pc_tasks (pc_task_id, pc_project_id, task_name, priority, pc_owner_id, status, start_date, end_date, pc_milestone_id, pc_deliverable_id, notes) VALUES (37, 1, 'Localisation', 'P1', 6, 'In progress', DATE '2025-11-20', DATE '2025-12-21', 5, NULL, 'Carryover from previous sprint');
INSERT INTO pc_tasks (pc_task_id, pc_project_id, task_name, priority, pc_owner_id, status, start_date, end_date, pc_milestone_id, pc_deliverable_id, notes) VALUES (38, 4, 'Integration testing', 'P2', 1, 'On hold', DATE '2026-02-01', DATE '2026-03-18', 1, 10, 'Carryover from previous sprint');
INSERT INTO pc_tasks (pc_task_id, pc_project_id, task_name, priority, pc_owner_id, status, start_date, end_date, pc_milestone_id, pc_deliverable_id, notes) VALUES (39, 1, 'Localisation', 'P0', 3, 'In progress', DATE '2026-01-23', DATE '2026-03-05', 2, NULL, 'Owner on PTO next week');
INSERT INTO pc_tasks (pc_task_id, pc_project_id, task_name, priority, pc_owner_id, status, start_date, end_date, pc_milestone_id, pc_deliverable_id, notes) VALUES (40, 2, 'Retrospective', 'P2', 5, 'On hold', DATE '2026-05-09', DATE '2026-05-28', 1, 2, 'Low risk');
INSERT INTO pc_tasks (pc_task_id, pc_project_id, task_name, priority, pc_owner_id, status, start_date, end_date, pc_milestone_id, pc_deliverable_id, notes) VALUES (41, 5, 'Stakeholder interview', 'P0', 6, 'In progress', DATE '2026-01-13', DATE '2026-01-26', NULL, 1, NULL);
INSERT INTO pc_tasks (pc_task_id, pc_project_id, task_name, priority, pc_owner_id, status, start_date, end_date, pc_milestone_id, pc_deliverable_id, notes) VALUES (42, 6, 'User acceptance testing', 'P2', 1, 'Not started', DATE '2025-10-09', DATE '2025-12-07', NULL, 10, NULL);
INSERT INTO pc_tasks (pc_task_id, pc_project_id, task_name, priority, pc_owner_id, status, start_date, end_date, pc_milestone_id, pc_deliverable_id, notes) VALUES (43, 1, 'Load testing', 'P1', 3, 'Complete', DATE '2025-11-05', DATE '2025-11-10', 3, 9, 'Pending client approval');
INSERT INTO pc_tasks (pc_task_id, pc_project_id, task_name, priority, pc_owner_id, status, start_date, end_date, pc_milestone_id, pc_deliverable_id, notes) VALUES (44, 5, 'Frontend wireframes', 'P2', 4, 'Not started', DATE '2026-03-01', DATE '2026-04-22', 5, 5, 'Fast-tracked');
INSERT INTO pc_tasks (pc_task_id, pc_project_id, task_name, priority, pc_owner_id, status, start_date, end_date, pc_milestone_id, pc_deliverable_id, notes) VALUES (45, 2, 'Accessibility review', 'P1', 3, 'Complete', DATE '2025-09-13', DATE '2025-09-27', NULL, 9, 'Low risk');
INSERT INTO pc_tasks (pc_task_id, pc_project_id, task_name, priority, pc_owner_id, status, start_date, end_date, pc_milestone_id, pc_deliverable_id, notes) VALUES (46, 6, 'Accessibility review', 'P2', 4, 'In progress', DATE '2025-11-21', DATE '2026-01-13', NULL, 2, 'Low risk');
INSERT INTO pc_tasks (pc_task_id, pc_project_id, task_name, priority, pc_owner_id, status, start_date, end_date, pc_milestone_id, pc_deliverable_id, notes) VALUES (47, 1, 'Accessibility review', 'P2', 4, 'In progress', DATE '2026-04-24', DATE '2026-05-19', 3, 8, 'Needs revisit after M3');
INSERT INTO pc_tasks (pc_task_id, pc_project_id, task_name, priority, pc_owner_id, status, start_date, end_date, pc_milestone_id, pc_deliverable_id, notes) VALUES (48, 1, 'Retrospective', 'P1', 7, 'Complete', DATE '2026-01-21', DATE '2026-03-20', 1, 3, 'Owner on PTO next week');
INSERT INTO pc_tasks (pc_task_id, pc_project_id, task_name, priority, pc_owner_id, status, start_date, end_date, pc_milestone_id, pc_deliverable_id, notes) VALUES (49, 6, 'Deployment to staging', 'P2', 6, 'Not started', DATE '2025-10-30', DATE '2025-12-28', 3, 10, 'Carryover from previous sprint');
INSERT INTO pc_tasks (pc_task_id, pc_project_id, task_name, priority, pc_owner_id, status, start_date, end_date, pc_milestone_id, pc_deliverable_id, notes) VALUES (50, 1, 'Architecture design', 'P2', 7, 'Complete', DATE '2026-02-08', DATE '2026-03-10', 5, 6, 'Blocked by third-party');
INSERT INTO pc_tasks (pc_task_id, pc_project_id, task_name, priority, pc_owner_id, status, start_date, end_date, pc_milestone_id, pc_deliverable_id, notes) VALUES (51, 3, 'Localisation', 'P2', 4, 'In progress', DATE '2025-09-23', DATE '2025-11-10', 4, 7, NULL);
INSERT INTO pc_tasks (pc_task_id, pc_project_id, task_name, priority, pc_owner_id, status, start_date, end_date, pc_milestone_id, pc_deliverable_id, notes) VALUES (52, 4, 'Retrospective', 'P2', 4, 'Complete', DATE '2026-04-09', DATE '2026-04-16', NULL, 9, 'Owner on PTO next week');
INSERT INTO pc_tasks (pc_task_id, pc_project_id, task_name, priority, pc_owner_id, status, start_date, end_date, pc_milestone_id, pc_deliverable_id, notes) VALUES (53, 6, 'Accessibility review', 'P0', 5, 'On hold', DATE '2026-02-06', DATE '2026-03-23', 4, 9, 'Low risk');
INSERT INTO pc_tasks (pc_task_id, pc_project_id, task_name, priority, pc_owner_id, status, start_date, end_date, pc_milestone_id, pc_deliverable_id, notes) VALUES (54, 6, 'CI/CD pipeline', 'P2', 3, 'In progress', DATE '2026-04-04', DATE '2026-05-19', 4, NULL, 'Fast-tracked');
INSERT INTO pc_tasks (pc_task_id, pc_project_id, task_name, priority, pc_owner_id, status, start_date, end_date, pc_milestone_id, pc_deliverable_id, notes) VALUES (55, 4, 'Training workshop', 'P1', 7, 'On hold', DATE '2025-09-01', DATE '2025-09-23', 3, 8, 'Low risk');
INSERT INTO pc_tasks (pc_task_id, pc_project_id, task_name, priority, pc_owner_id, status, start_date, end_date, pc_milestone_id, pc_deliverable_id, notes) VALUES (56, 4, 'Sign-off / handover', 'P2', 6, 'Blocked', DATE '2026-04-15', DATE '2026-05-16', NULL, 8, NULL);
INSERT INTO pc_tasks (pc_task_id, pc_project_id, task_name, priority, pc_owner_id, status, start_date, end_date, pc_milestone_id, pc_deliverable_id, notes) VALUES (57, 3, 'Integration testing', 'P3', 3, 'Not started', DATE '2026-01-24', DATE '2026-02-28', NULL, NULL, 'Owner on PTO next week');
INSERT INTO pc_tasks (pc_task_id, pc_project_id, task_name, priority, pc_owner_id, status, start_date, end_date, pc_milestone_id, pc_deliverable_id, notes) VALUES (58, 1, 'Load testing', 'P3', 4, 'In progress', DATE '2025-12-25', DATE '2026-02-17', 2, 10, 'Pending client approval');
INSERT INTO pc_tasks (pc_task_id, pc_project_id, task_name, priority, pc_owner_id, status, start_date, end_date, pc_milestone_id, pc_deliverable_id, notes) VALUES (59, 1, 'Backend scaffolding', 'P2', 2, 'Blocked', DATE '2026-04-01', DATE '2026-05-30', NULL, 4, 'Needs revisit after M3');
INSERT INTO pc_tasks (pc_task_id, pc_project_id, task_name, priority, pc_owner_id, status, start_date, end_date, pc_milestone_id, pc_deliverable_id, notes) VALUES (60, 6, 'Risk assessment', 'P2', 8, 'Complete', DATE '2026-01-03', DATE '2026-01-15', NULL, NULL, 'Pending client approval');
INSERT INTO pc_tasks (pc_task_id, pc_project_id, task_name, priority, pc_owner_id, status, start_date, end_date, pc_milestone_id, pc_deliverable_id, notes) VALUES (61, 1, 'Data migration', 'P2', 4, 'In progress', DATE '2026-05-24', DATE '2026-06-25', 1, 6, 'Needs revisit after M3');
INSERT INTO pc_tasks (pc_task_id, pc_project_id, task_name, priority, pc_owner_id, status, start_date, end_date, pc_milestone_id, pc_deliverable_id, notes) VALUES (62, 1, 'Bug fixing', 'P1', 8, 'On hold', DATE '2026-06-14', DATE '2026-07-25', 3, 1, NULL);
INSERT INTO pc_tasks (pc_task_id, pc_project_id, task_name, priority, pc_owner_id, status, start_date, end_date, pc_milestone_id, pc_deliverable_id, notes) VALUES (63, 3, 'Load testing', 'P2', 8, 'In progress', DATE '2026-05-02', DATE '2026-06-02', 3, 8, 'Carryover from previous sprint');
INSERT INTO pc_tasks (pc_task_id, pc_project_id, task_name, priority, pc_owner_id, status, start_date, end_date, pc_milestone_id, pc_deliverable_id, notes) VALUES (64, 4, 'Documentation', 'P2', 4, 'In progress', DATE '2026-04-14', DATE '2026-04-21', NULL, 3, 'Needs revisit after M3');
INSERT INTO pc_tasks (pc_task_id, pc_project_id, task_name, priority, pc_owner_id, status, start_date, end_date, pc_milestone_id, pc_deliverable_id, notes) VALUES (65, 5, 'Code review', 'P1', 2, 'In progress', DATE '2025-11-17', DATE '2025-12-04', 4, NULL, 'Fast-tracked');
INSERT INTO pc_tasks (pc_task_id, pc_project_id, task_name, priority, pc_owner_id, status, start_date, end_date, pc_milestone_id, pc_deliverable_id, notes) VALUES (66, 6, 'Frontend wireframes', 'P0', 7, 'Complete', DATE '2026-02-17', DATE '2026-03-26', 4, 5, 'Pending client approval');
INSERT INTO pc_tasks (pc_task_id, pc_project_id, task_name, priority, pc_owner_id, status, start_date, end_date, pc_milestone_id, pc_deliverable_id, notes) VALUES (67, 2, 'Load testing', 'P2', 7, 'Not started', DATE '2026-06-22', DATE '2026-07-19', 4, 7, 'Owner on PTO next week');
INSERT INTO pc_tasks (pc_task_id, pc_project_id, task_name, priority, pc_owner_id, status, start_date, end_date, pc_milestone_id, pc_deliverable_id, notes) VALUES (68, 5, 'Data migration', 'P2', 7, 'On hold', DATE '2026-06-07', DATE '2026-07-31', 5, 8, 'High visibility item');
INSERT INTO pc_tasks (pc_task_id, pc_project_id, task_name, priority, pc_owner_id, status, start_date, end_date, pc_milestone_id, pc_deliverable_id, notes) VALUES (69, 2, 'Unit test setup', 'P2', 8, 'Not started', DATE '2026-03-19', DATE '2026-04-12', NULL, NULL, 'Low risk');
INSERT INTO pc_tasks (pc_task_id, pc_project_id, task_name, priority, pc_owner_id, status, start_date, end_date, pc_milestone_id, pc_deliverable_id, notes) VALUES (70, 6, 'API specification', 'P3', 8, 'In progress', DATE '2026-06-01', DATE '2026-06-05', 4, 4, 'Pending client approval');
INSERT INTO pc_tasks (pc_task_id, pc_project_id, task_name, priority, pc_owner_id, status, start_date, end_date, pc_milestone_id, pc_deliverable_id, notes) VALUES (71, 1, 'Sprint planning', 'P2', 3, 'Blocked', DATE '2025-12-03', DATE '2025-12-09', 3, 5, 'Owner on PTO next week');
INSERT INTO pc_tasks (pc_task_id, pc_project_id, task_name, priority, pc_owner_id, status, start_date, end_date, pc_milestone_id, pc_deliverable_id, notes) VALUES (72, 2, 'Bug fixing', 'P1', 6, 'Complete', DATE '2026-01-21', DATE '2026-03-13', 4, 3, 'Blocked by third-party');
INSERT INTO pc_tasks (pc_task_id, pc_project_id, task_name, priority, pc_owner_id, status, start_date, end_date, pc_milestone_id, pc_deliverable_id, notes) VALUES (73, 3, 'Requirements gathering', 'P2', 1, 'Complete', DATE '2025-12-24', DATE '2026-02-06', 1, NULL, 'Pending client approval');
INSERT INTO pc_tasks (pc_task_id, pc_project_id, task_name, priority, pc_owner_id, status, start_date, end_date, pc_milestone_id, pc_deliverable_id, notes) VALUES (74, 1, 'Backend scaffolding', 'P1', 1, 'In progress', DATE '2026-01-01', DATE '2026-01-12', 4, NULL, 'Blocked by third-party');
INSERT INTO pc_tasks (pc_task_id, pc_project_id, task_name, priority, pc_owner_id, status, start_date, end_date, pc_milestone_id, pc_deliverable_id, notes) VALUES (75, 4, 'Frontend wireframes', 'P2', 5, 'Complete', DATE '2025-11-25', DATE '2026-01-05', 5, NULL, 'Blocked by third-party');
INSERT INTO pc_tasks (pc_task_id, pc_project_id, task_name, priority, pc_owner_id, status, start_date, end_date, pc_milestone_id, pc_deliverable_id, notes) VALUES (76, 2, 'CI/CD pipeline', 'P0', 1, 'In progress', DATE '2026-06-22', DATE '2026-08-07', 4, 5, 'Needs revisit after M3');
INSERT INTO pc_tasks (pc_task_id, pc_project_id, task_name, priority, pc_owner_id, status, start_date, end_date, pc_milestone_id, pc_deliverable_id, notes) VALUES (77, 1, 'Training workshop', 'P2', 4, 'Not started', DATE '2026-02-02', DATE '2026-03-31', NULL, 4, 'Blocked by third-party');
INSERT INTO pc_tasks (pc_task_id, pc_project_id, task_name, priority, pc_owner_id, status, start_date, end_date, pc_milestone_id, pc_deliverable_id, notes) VALUES (78, 4, 'Integration testing', 'P0', 6, 'On hold', DATE '2026-04-08', DATE '2026-05-23', 3, 2, NULL);
INSERT INTO pc_tasks (pc_task_id, pc_project_id, task_name, priority, pc_owner_id, status, start_date, end_date, pc_milestone_id, pc_deliverable_id, notes) VALUES (79, 6, 'Code review', 'P0', 7, 'Blocked', DATE '2025-10-25', DATE '2025-11-24', 3, NULL, 'High visibility item');
INSERT INTO pc_tasks (pc_task_id, pc_project_id, task_name, priority, pc_owner_id, status, start_date, end_date, pc_milestone_id, pc_deliverable_id, notes) VALUES (80, 6, 'Database schema', 'P2', 3, 'On hold', DATE '2026-01-17', DATE '2026-02-28', 5, 1, 'High visibility item');
INSERT INTO pc_tasks (pc_task_id, pc_project_id, task_name, priority, pc_owner_id, status, start_date, end_date, pc_milestone_id, pc_deliverable_id, notes) VALUES (81, 3, 'Load testing', 'P2', 5, 'Complete', DATE '2026-01-04', DATE '2026-03-01', 1, 3, 'High visibility item');
INSERT INTO pc_tasks (pc_task_id, pc_project_id, task_name, priority, pc_owner_id, status, start_date, end_date, pc_milestone_id, pc_deliverable_id, notes) VALUES (82, 2, 'Data migration', 'P2', 7, 'Complete', DATE '2025-09-15', DATE '2025-10-19', 3, 10, 'High visibility item');
INSERT INTO pc_tasks (pc_task_id, pc_project_id, task_name, priority, pc_owner_id, status, start_date, end_date, pc_milestone_id, pc_deliverable_id, notes) VALUES (83, 2, 'Performance testing', 'P3', 5, 'Complete', DATE '2026-01-22', DATE '2026-03-22', 5, NULL, 'Carryover from previous sprint');
INSERT INTO pc_tasks (pc_task_id, pc_project_id, task_name, priority, pc_owner_id, status, start_date, end_date, pc_milestone_id, pc_deliverable_id, notes) VALUES (84, 4, 'Requirements gathering', 'P2', 4, 'Not started', DATE '2026-01-02', DATE '2026-02-20', 4, 1, NULL);
INSERT INTO pc_tasks (pc_task_id, pc_project_id, task_name, priority, pc_owner_id, status, start_date, end_date, pc_milestone_id, pc_deliverable_id, notes) VALUES (85, 2, 'Risk assessment', 'P2', 8, 'Blocked', DATE '2025-09-09', DATE '2025-09-17', 3, 8, 'Low risk');
INSERT INTO pc_tasks (pc_task_id, pc_project_id, task_name, priority, pc_owner_id, status, start_date, end_date, pc_milestone_id, pc_deliverable_id, notes) VALUES (86, 6, 'Backend scaffolding', 'P1', 6, 'Blocked', DATE '2026-06-11', DATE '2026-07-17', 3, 5, NULL);
INSERT INTO pc_tasks (pc_task_id, pc_project_id, task_name, priority, pc_owner_id, status, start_date, end_date, pc_milestone_id, pc_deliverable_id, notes) VALUES (87, 5, 'Performance testing', 'P2', 8, 'In progress', DATE '2026-02-04', DATE '2026-02-23', 2, 2, 'Needs revisit after M3');
INSERT INTO pc_tasks (pc_task_id, pc_project_id, task_name, priority, pc_owner_id, status, start_date, end_date, pc_milestone_id, pc_deliverable_id, notes) VALUES (88, 5, 'Architecture design', 'P2', 3, 'In progress', DATE '2025-12-20', DATE '2026-02-08', 4, 3, NULL);
INSERT INTO pc_tasks (pc_task_id, pc_project_id, task_name, priority, pc_owner_id, status, start_date, end_date, pc_milestone_id, pc_deliverable_id, notes) VALUES (89, 4, 'CI/CD pipeline', 'P0', 4, 'In progress', DATE '2025-12-26', DATE '2026-01-21', 2, 3, 'Pending client approval');
INSERT INTO pc_tasks (pc_task_id, pc_project_id, task_name, priority, pc_owner_id, status, start_date, end_date, pc_milestone_id, pc_deliverable_id, notes) VALUES (90, 6, 'Deployment to production', 'P1', 5, 'Not started', DATE '2025-09-28', DATE '2025-11-05', 3, NULL, 'Fast-tracked');
INSERT INTO pc_tasks (pc_task_id, pc_project_id, task_name, priority, pc_owner_id, status, start_date, end_date, pc_milestone_id, pc_deliverable_id, notes) VALUES (91, 6, 'Accessibility review', 'P3', 8, 'Not started', DATE '2025-09-07', DATE '2025-10-16', 3, 1, 'High visibility item');
INSERT INTO pc_tasks (pc_task_id, pc_project_id, task_name, priority, pc_owner_id, status, start_date, end_date, pc_milestone_id, pc_deliverable_id, notes) VALUES (92, 3, 'Code review', 'P1', 1, 'In progress', DATE '2026-05-03', DATE '2026-05-13', 1, 5, 'High visibility item');
INSERT INTO pc_tasks (pc_task_id, pc_project_id, task_name, priority, pc_owner_id, status, start_date, end_date, pc_milestone_id, pc_deliverable_id, notes) VALUES (93, 1, 'Training workshop', 'P2', 1, 'In progress', DATE '2025-11-16', DATE '2026-01-09', 5, 3, 'Blocked by third-party');
INSERT INTO pc_tasks (pc_task_id, pc_project_id, task_name, priority, pc_owner_id, status, start_date, end_date, pc_milestone_id, pc_deliverable_id, notes) VALUES (94, 2, 'Architecture design', 'P2', 7, 'In progress', DATE '2026-05-26', DATE '2026-06-22', 4, 1, 'Carryover from previous sprint');
INSERT INTO pc_tasks (pc_task_id, pc_project_id, task_name, priority, pc_owner_id, status, start_date, end_date, pc_milestone_id, pc_deliverable_id, notes) VALUES (95, 4, 'User acceptance testing', 'P1', 1, 'Not started', DATE '2025-12-16', DATE '2026-01-28', 2, 3, 'Blocked by third-party');
INSERT INTO pc_tasks (pc_task_id, pc_project_id, task_name, priority, pc_owner_id, status, start_date, end_date, pc_milestone_id, pc_deliverable_id, notes) VALUES (96, 2, 'Backend scaffolding', 'P1', 2, 'In progress', DATE '2025-09-02', DATE '2025-10-01', 4, NULL, 'High visibility item');
INSERT INTO pc_tasks (pc_task_id, pc_project_id, task_name, priority, pc_owner_id, status, start_date, end_date, pc_milestone_id, pc_deliverable_id, notes) VALUES (97, 5, 'Stakeholder interview', 'P1', 5, 'In progress', DATE '2026-04-21', DATE '2026-04-28', NULL, 8, 'Carryover from previous sprint');
INSERT INTO pc_tasks (pc_task_id, pc_project_id, task_name, priority, pc_owner_id, status, start_date, end_date, pc_milestone_id, pc_deliverable_id, notes) VALUES (98, 6, 'Training workshop', 'P2', 4, 'Complete', DATE '2025-10-29', DATE '2025-12-05', 2, NULL, 'Fast-tracked');
INSERT INTO pc_tasks (pc_task_id, pc_project_id, task_name, priority, pc_owner_id, status, start_date, end_date, pc_milestone_id, pc_deliverable_id, notes) VALUES (99, 5, 'Load testing', 'P1', 2, 'Not started', DATE '2025-11-24', DATE '2026-01-16', 3, 4, 'Carryover from previous sprint');
INSERT INTO pc_tasks (pc_task_id, pc_project_id, task_name, priority, pc_owner_id, status, start_date, end_date, pc_milestone_id, pc_deliverable_id, notes) VALUES (100, 3, 'Architecture design', 'P2', 5, 'Complete', DATE '2026-01-18', DATE '2026-02-22', 5, 1, 'High visibility item');
INSERT INTO pc_tasks (pc_task_id, pc_project_id, task_name, priority, pc_owner_id, status, start_date, end_date, pc_milestone_id, pc_deliverable_id, notes) VALUES (101, 1, 'Sign-off / handover', 'P0', 7, 'Complete', DATE '2026-01-07', DATE '2026-01-11', 1, 8, 'Pending client approval');
INSERT INTO pc_tasks (pc_task_id, pc_project_id, task_name, priority, pc_owner_id, status, start_date, end_date, pc_milestone_id, pc_deliverable_id, notes) VALUES (102, 6, 'Load testing', 'P1', 1, 'In progress', DATE '2026-04-29', DATE '2026-06-04', NULL, 1, 'Carryover from previous sprint');
INSERT INTO pc_tasks (pc_task_id, pc_project_id, task_name, priority, pc_owner_id, status, start_date, end_date, pc_milestone_id, pc_deliverable_id, notes) VALUES (103, 2, 'Training workshop', 'P2', 8, 'Not started', DATE '2026-04-29', DATE '2026-05-24', 4, 9, 'Owner on PTO next week');
INSERT INTO pc_tasks (pc_task_id, pc_project_id, task_name, priority, pc_owner_id, status, start_date, end_date, pc_milestone_id, pc_deliverable_id, notes) VALUES (104, 6, 'Architecture design', 'P3', 3, 'Complete', DATE '2026-03-30', DATE '2026-05-16', 4, 3, 'Low risk');
INSERT INTO pc_tasks (pc_task_id, pc_project_id, task_name, priority, pc_owner_id, status, start_date, end_date, pc_milestone_id, pc_deliverable_id, notes) VALUES (105, 4, 'Stakeholder interview', 'P2', 2, 'Complete', DATE '2026-01-08', DATE '2026-01-31', 1, 5, NULL);
INSERT INTO pc_tasks (pc_task_id, pc_project_id, task_name, priority, pc_owner_id, status, start_date, end_date, pc_milestone_id, pc_deliverable_id, notes) VALUES (106, 1, 'Retrospective', 'P3', 8, 'Complete', DATE '2025-09-28', DATE '2025-10-13', 5, 9, 'High visibility item');
INSERT INTO pc_tasks (pc_task_id, pc_project_id, task_name, priority, pc_owner_id, status, start_date, end_date, pc_milestone_id, pc_deliverable_id, notes) VALUES (107, 6, 'Bug fixing', 'P3', 1, 'In progress', DATE '2026-01-15', DATE '2026-02-22', 2, 3, 'High visibility item');
INSERT INTO pc_tasks (pc_task_id, pc_project_id, task_name, priority, pc_owner_id, status, start_date, end_date, pc_milestone_id, pc_deliverable_id, notes) VALUES (108, 6, 'Documentation', 'P0', 1, 'In progress', DATE '2025-11-21', DATE '2025-12-13', 5, 7, NULL);
INSERT INTO pc_tasks (pc_task_id, pc_project_id, task_name, priority, pc_owner_id, status, start_date, end_date, pc_milestone_id, pc_deliverable_id, notes) VALUES (109, 3, 'Kick-off meeting', 'P1', 2, 'Blocked', DATE '2025-10-31', DATE '2025-12-14', 2, 1, 'Carryover from previous sprint');
INSERT INTO pc_tasks (pc_task_id, pc_project_id, task_name, priority, pc_owner_id, status, start_date, end_date, pc_milestone_id, pc_deliverable_id, notes) VALUES (110, 4, 'Risk assessment', 'P1', 7, 'Blocked', DATE '2026-04-30', DATE '2026-05-18', 4, 6, 'Fast-tracked');
INSERT INTO pc_tasks (pc_task_id, pc_project_id, task_name, priority, pc_owner_id, status, start_date, end_date, pc_milestone_id, pc_deliverable_id, notes) VALUES (111, 3, 'Frontend wireframes', 'P2', 3, 'Not started', DATE '2026-01-20', DATE '2026-03-13', 4, 9, NULL);
INSERT INTO pc_tasks (pc_task_id, pc_project_id, task_name, priority, pc_owner_id, status, start_date, end_date, pc_milestone_id, pc_deliverable_id, notes) VALUES (112, 5, 'Load testing', 'P0', 5, 'In progress', DATE '2026-06-28', DATE '2026-08-07', NULL, 1, 'Fast-tracked');
INSERT INTO pc_tasks (pc_task_id, pc_project_id, task_name, priority, pc_owner_id, status, start_date, end_date, pc_milestone_id, pc_deliverable_id, notes) VALUES (113, 3, 'Deployment to production', 'P2', 6, 'Complete', DATE '2026-06-10', DATE '2026-07-31', 5, 5, 'High visibility item');
INSERT INTO pc_tasks (pc_task_id, pc_project_id, task_name, priority, pc_owner_id, status, start_date, end_date, pc_milestone_id, pc_deliverable_id, notes) VALUES (114, 5, 'Accessibility review', 'P1', 4, 'Complete', DATE '2025-12-29', DATE '2026-02-24', 4, 7, 'Owner on PTO next week');
INSERT INTO pc_tasks (pc_task_id, pc_project_id, task_name, priority, pc_owner_id, status, start_date, end_date, pc_milestone_id, pc_deliverable_id, notes) VALUES (115, 6, 'Documentation', 'P2', 7, 'Complete', DATE '2025-11-17', DATE '2025-12-21', 1, 10, NULL);
INSERT INTO pc_tasks (pc_task_id, pc_project_id, task_name, priority, pc_owner_id, status, start_date, end_date, pc_milestone_id, pc_deliverable_id, notes) VALUES (116, 4, 'Code review', 'P3', 2, 'Blocked', DATE '2025-10-22', DATE '2025-11-27', 4, 7, 'Fast-tracked');
INSERT INTO pc_tasks (pc_task_id, pc_project_id, task_name, priority, pc_owner_id, status, start_date, end_date, pc_milestone_id, pc_deliverable_id, notes) VALUES (117, 3, 'Accessibility review', 'P2', 3, 'Not started', DATE '2026-04-29', DATE '2026-06-21', 3, 9, 'Low risk');
INSERT INTO pc_tasks (pc_task_id, pc_project_id, task_name, priority, pc_owner_id, status, start_date, end_date, pc_milestone_id, pc_deliverable_id, notes) VALUES (118, 6, 'Kick-off meeting', 'P3', 6, 'On hold', DATE '2026-03-14', DATE '2026-04-06', NULL, NULL, 'High visibility item');
INSERT INTO pc_tasks (pc_task_id, pc_project_id, task_name, priority, pc_owner_id, status, start_date, end_date, pc_milestone_id, pc_deliverable_id, notes) VALUES (119, 4, 'Stakeholder interview', 'P2', 2, 'In progress', DATE '2026-01-26', DATE '2026-02-12', NULL, 2, 'Low risk');
INSERT INTO pc_tasks (pc_task_id, pc_project_id, task_name, priority, pc_owner_id, status, start_date, end_date, pc_milestone_id, pc_deliverable_id, notes) VALUES (120, 1, 'Data migration', 'P2', 2, 'Blocked', DATE '2025-11-25', DATE '2026-01-11', 3, 7, 'Pending client approval');
INSERT INTO pc_tasks (pc_task_id, pc_project_id, task_name, priority, pc_owner_id, status, start_date, end_date, pc_milestone_id, pc_deliverable_id, notes) VALUES (121, 5, 'Integration testing', 'P0', 5, 'Complete', DATE '2026-03-11', DATE '2026-04-10', 2, 8, NULL);
INSERT INTO pc_tasks (pc_task_id, pc_project_id, task_name, priority, pc_owner_id, status, start_date, end_date, pc_milestone_id, pc_deliverable_id, notes) VALUES (122, 3, 'Training workshop', 'P2', 3, 'In progress', DATE '2025-11-29', DATE '2025-12-07', 5, 5, 'Needs revisit after M3');
INSERT INTO pc_tasks (pc_task_id, pc_project_id, task_name, priority, pc_owner_id, status, start_date, end_date, pc_milestone_id, pc_deliverable_id, notes) VALUES (123, 3, 'Post-launch monitoring', 'P2', 3, 'In progress', DATE '2026-04-25', DATE '2026-06-07', 3, 1, 'Carryover from previous sprint');
INSERT INTO pc_tasks (pc_task_id, pc_project_id, task_name, priority, pc_owner_id, status, start_date, end_date, pc_milestone_id, pc_deliverable_id, notes) VALUES (124, 6, 'Requirements gathering', 'P3', 8, 'In progress', DATE '2026-06-07', DATE '2026-06-20', 1, 1, 'Owner on PTO next week');
INSERT INTO pc_tasks (pc_task_id, pc_project_id, task_name, priority, pc_owner_id, status, start_date, end_date, pc_milestone_id, pc_deliverable_id, notes) VALUES (125, 4, 'CI/CD pipeline', 'P2', 7, 'In progress', DATE '2026-04-22', DATE '2026-06-18', 3, 8, 'Low risk');
INSERT INTO pc_tasks (pc_task_id, pc_project_id, task_name, priority, pc_owner_id, status, start_date, end_date, pc_milestone_id, pc_deliverable_id, notes) VALUES (126, 3, 'Architecture design', 'P1', 7, 'Complete', DATE '2026-06-22', DATE '2026-07-13', NULL, 3, 'Pending client approval');
INSERT INTO pc_tasks (pc_task_id, pc_project_id, task_name, priority, pc_owner_id, status, start_date, end_date, pc_milestone_id, pc_deliverable_id, notes) VALUES (127, 6, 'Security review', 'P1', 1, 'Not started', DATE '2026-05-13', DATE '2026-07-08', 3, 8, 'Owner on PTO next week');
INSERT INTO pc_tasks (pc_task_id, pc_project_id, task_name, priority, pc_owner_id, status, start_date, end_date, pc_milestone_id, pc_deliverable_id, notes) VALUES (128, 2, 'Sprint planning', 'P1', 5, 'In progress', DATE '2025-10-20', DATE '2025-12-19', NULL, NULL, 'Pending client approval');
INSERT INTO pc_tasks (pc_task_id, pc_project_id, task_name, priority, pc_owner_id, status, start_date, end_date, pc_milestone_id, pc_deliverable_id, notes) VALUES (129, 5, 'Integration testing', 'P2', 1, 'Complete', DATE '2025-11-07', DATE '2025-11-15', 3, 9, 'Low risk');
INSERT INTO pc_tasks (pc_task_id, pc_project_id, task_name, priority, pc_owner_id, status, start_date, end_date, pc_milestone_id, pc_deliverable_id, notes) VALUES (130, 2, 'Frontend wireframes', 'P1', 6, 'On hold', DATE '2026-05-15', DATE '2026-06-04', 2, 3, 'High visibility item');
INSERT INTO pc_tasks (pc_task_id, pc_project_id, task_name, priority, pc_owner_id, status, start_date, end_date, pc_milestone_id, pc_deliverable_id, notes) VALUES (131, 5, 'Vendor evaluation', 'P3', 6, 'Not started', DATE '2026-04-28', DATE '2026-05-05', 2, 8, 'Low risk');
INSERT INTO pc_tasks (pc_task_id, pc_project_id, task_name, priority, pc_owner_id, status, start_date, end_date, pc_milestone_id, pc_deliverable_id, notes) VALUES (132, 4, 'Performance testing', 'P0', 7, 'Not started', DATE '2026-01-14', DATE '2026-02-20', 1, 1, 'Owner on PTO next week');
INSERT INTO pc_tasks (pc_task_id, pc_project_id, task_name, priority, pc_owner_id, status, start_date, end_date, pc_milestone_id, pc_deliverable_id, notes) VALUES (133, 6, 'Vendor evaluation', 'P2', 5, 'Complete', DATE '2026-03-10', DATE '2026-03-19', NULL, 8, 'High visibility item');
INSERT INTO pc_tasks (pc_task_id, pc_project_id, task_name, priority, pc_owner_id, status, start_date, end_date, pc_milestone_id, pc_deliverable_id, notes) VALUES (134, 1, 'Sign-off / handover', 'P2', 6, 'In progress', DATE '2025-10-03', DATE '2025-11-15', 4, NULL, 'Carryover from previous sprint');
INSERT INTO pc_tasks (pc_task_id, pc_project_id, task_name, priority, pc_owner_id, status, start_date, end_date, pc_milestone_id, pc_deliverable_id, notes) VALUES (135, 6, 'User acceptance testing', 'P0', 3, 'Not started', DATE '2025-09-20', DATE '2025-10-12', 4, 2, 'Blocked by third-party');
INSERT INTO pc_tasks (pc_task_id, pc_project_id, task_name, priority, pc_owner_id, status, start_date, end_date, pc_milestone_id, pc_deliverable_id, notes) VALUES (136, 2, 'Localisation', 'P2', 3, 'Complete', DATE '2026-04-21', DATE '2026-05-17', NULL, NULL, NULL);
INSERT INTO pc_tasks (pc_task_id, pc_project_id, task_name, priority, pc_owner_id, status, start_date, end_date, pc_milestone_id, pc_deliverable_id, notes) VALUES (137, 3, 'Training workshop', 'P2', 3, 'Complete', DATE '2025-10-21', DATE '2025-12-16', 4, 4, 'Low risk');
INSERT INTO pc_tasks (pc_task_id, pc_project_id, task_name, priority, pc_owner_id, status, start_date, end_date, pc_milestone_id, pc_deliverable_id, notes) VALUES (138, 5, 'Stakeholder interview', 'P2', 6, 'In progress', DATE '2026-04-16', DATE '2026-05-17', 2, 9, 'Blocked by third-party');
INSERT INTO pc_tasks (pc_task_id, pc_project_id, task_name, priority, pc_owner_id, status, start_date, end_date, pc_milestone_id, pc_deliverable_id, notes) VALUES (139, 6, 'Performance testing', 'P2', 6, 'Not started', DATE '2026-03-23', DATE '2026-04-12', 2, 2, 'High visibility item');
INSERT INTO pc_tasks (pc_task_id, pc_project_id, task_name, priority, pc_owner_id, status, start_date, end_date, pc_milestone_id, pc_deliverable_id, notes) VALUES (140, 1, 'Retrospective', 'P1', 1, 'Not started', DATE '2026-02-18', DATE '2026-03-08', 2, 4, 'Needs revisit after M3');
INSERT INTO pc_tasks (pc_task_id, pc_project_id, task_name, priority, pc_owner_id, status, start_date, end_date, pc_milestone_id, pc_deliverable_id, notes) VALUES (141, 1, 'Load testing', 'P3', 4, 'In progress', DATE '2025-12-29', DATE '2026-01-22', 2, 4, 'Pending client approval');
INSERT INTO pc_tasks (pc_task_id, pc_project_id, task_name, priority, pc_owner_id, status, start_date, end_date, pc_milestone_id, pc_deliverable_id, notes) VALUES (142, 5, 'Accessibility review', 'P1', 3, 'On hold', DATE '2026-01-07', DATE '2026-03-02', 2, 2, 'Pending client approval');
INSERT INTO pc_tasks (pc_task_id, pc_project_id, task_name, priority, pc_owner_id, status, start_date, end_date, pc_milestone_id, pc_deliverable_id, notes) VALUES (143, 2, 'Requirements gathering', 'P1', 4, 'Complete', DATE '2025-09-09', DATE '2025-09-23', 3, 7, 'Fast-tracked');
INSERT INTO pc_tasks (pc_task_id, pc_project_id, task_name, priority, pc_owner_id, status, start_date, end_date, pc_milestone_id, pc_deliverable_id, notes) VALUES (144, 6, 'User acceptance testing', 'P2', 2, 'Not started', DATE '2026-05-02', DATE '2026-06-02', 3, 6, 'Blocked by third-party');
INSERT INTO pc_tasks (pc_task_id, pc_project_id, task_name, priority, pc_owner_id, status, start_date, end_date, pc_milestone_id, pc_deliverable_id, notes) VALUES (145, 3, 'Deployment to staging', 'P1', 1, 'On hold', DATE '2026-02-02', DATE '2026-03-06', NULL, 7, 'Pending client approval');
INSERT INTO pc_tasks (pc_task_id, pc_project_id, task_name, priority, pc_owner_id, status, start_date, end_date, pc_milestone_id, pc_deliverable_id, notes) VALUES (146, 3, 'Accessibility review', 'P2', 7, 'Not started', DATE '2026-05-10', DATE '2026-06-27', 4, 2, 'Blocked by third-party');
INSERT INTO pc_tasks (pc_task_id, pc_project_id, task_name, priority, pc_owner_id, status, start_date, end_date, pc_milestone_id, pc_deliverable_id, notes) VALUES (147, 5, 'Sign-off / handover', 'P1', 2, 'In progress', DATE '2026-01-19', DATE '2026-03-02', NULL, 4, NULL);
INSERT INTO pc_tasks (pc_task_id, pc_project_id, task_name, priority, pc_owner_id, status, start_date, end_date, pc_milestone_id, pc_deliverable_id, notes) VALUES (148, 6, 'Code review', 'P2', 5, 'Blocked', DATE '2026-05-17', DATE '2026-06-27', 4, 2, 'Blocked by third-party');
INSERT INTO pc_tasks (pc_task_id, pc_project_id, task_name, priority, pc_owner_id, status, start_date, end_date, pc_milestone_id, pc_deliverable_id, notes) VALUES (149, 6, 'Sprint planning', 'P3', 4, 'Complete', DATE '2026-04-20', DATE '2026-06-18', 2, 5, 'Owner on PTO next week');
INSERT INTO pc_tasks (pc_task_id, pc_project_id, task_name, priority, pc_owner_id, status, start_date, end_date, pc_milestone_id, pc_deliverable_id, notes) VALUES (150, 3, 'Security review', 'P2', 2, 'Complete', DATE '2026-04-07', DATE '2026-04-30', NULL, 3, 'Owner on PTO next week');
INSERT INTO pc_tasks (pc_task_id, pc_project_id, task_name, priority, pc_owner_id, status, start_date, end_date, pc_milestone_id, pc_deliverable_id, notes) VALUES (151, 2, 'Retrospective', 'P2', 2, 'Not started', DATE '2025-10-14', DATE '2025-10-22', 4, 2, 'Owner on PTO next week');
INSERT INTO pc_tasks (pc_task_id, pc_project_id, task_name, priority, pc_owner_id, status, start_date, end_date, pc_milestone_id, pc_deliverable_id, notes) VALUES (152, 2, 'Deployment to production', 'P0', 6, 'Not started', DATE '2026-03-30', DATE '2026-04-24', NULL, 5, 'Pending client approval');
INSERT INTO pc_tasks (pc_task_id, pc_project_id, task_name, priority, pc_owner_id, status, start_date, end_date, pc_milestone_id, pc_deliverable_id, notes) VALUES (153, 5, 'Sign-off / handover', 'P1', 6, 'Not started', DATE '2026-06-23', DATE '2026-07-28', 2, 10, 'High visibility item');
INSERT INTO pc_tasks (pc_task_id, pc_project_id, task_name, priority, pc_owner_id, status, start_date, end_date, pc_milestone_id, pc_deliverable_id, notes) VALUES (154, 2, 'Accessibility review', 'P0', 6, 'On hold', DATE '2026-03-08', DATE '2026-03-18', 3, 4, 'Needs revisit after M3');
INSERT INTO pc_tasks (pc_task_id, pc_project_id, task_name, priority, pc_owner_id, status, start_date, end_date, pc_milestone_id, pc_deliverable_id, notes) VALUES (155, 3, 'Accessibility review', 'P2', 1, 'In progress', DATE '2025-09-15', DATE '2025-09-29', 3, NULL, 'Carryover from previous sprint');
INSERT INTO pc_tasks (pc_task_id, pc_project_id, task_name, priority, pc_owner_id, status, start_date, end_date, pc_milestone_id, pc_deliverable_id, notes) VALUES (156, 5, 'Performance testing', 'P0', 3, 'In progress', DATE '2026-06-17', DATE '2026-08-01', 4, 2, 'Fast-tracked');
INSERT INTO pc_tasks (pc_task_id, pc_project_id, task_name, priority, pc_owner_id, status, start_date, end_date, pc_milestone_id, pc_deliverable_id, notes) VALUES (157, 6, 'Sprint planning', 'P0', 2, 'On hold', DATE '2025-12-20', DATE '2026-01-16', 4, 1, 'Owner on PTO next week');
INSERT INTO pc_tasks (pc_task_id, pc_project_id, task_name, priority, pc_owner_id, status, start_date, end_date, pc_milestone_id, pc_deliverable_id, notes) VALUES (158, 2, 'Performance testing', 'P1', 6, 'Not started', DATE '2025-09-27', DATE '2025-10-09', 2, 4, 'Pending client approval');
INSERT INTO pc_tasks (pc_task_id, pc_project_id, task_name, priority, pc_owner_id, status, start_date, end_date, pc_milestone_id, pc_deliverable_id, notes) VALUES (159, 6, 'Kick-off meeting', 'P1', 8, 'Complete', DATE '2026-05-07', DATE '2026-06-17', 4, 5, 'Carryover from previous sprint');
INSERT INTO pc_tasks (pc_task_id, pc_project_id, task_name, priority, pc_owner_id, status, start_date, end_date, pc_milestone_id, pc_deliverable_id, notes) VALUES (160, 2, 'Data migration', 'P2', 2, 'Complete', DATE '2026-04-09', DATE '2026-04-19', 3, NULL, 'High visibility item');
INSERT INTO pc_tasks (pc_task_id, pc_project_id, task_name, priority, pc_owner_id, status, start_date, end_date, pc_milestone_id, pc_deliverable_id, notes) VALUES (161, 4, 'Retrospective', 'P1', 1, 'In progress', DATE '2026-03-22', DATE '2026-05-02', 1, 7, 'Needs revisit after M3');
INSERT INTO pc_tasks (pc_task_id, pc_project_id, task_name, priority, pc_owner_id, status, start_date, end_date, pc_milestone_id, pc_deliverable_id, notes) VALUES (162, 5, 'Frontend wireframes', 'P3', 3, 'In progress', DATE '2026-01-27', DATE '2026-02-19', 1, 7, 'High visibility item');
INSERT INTO pc_tasks (pc_task_id, pc_project_id, task_name, priority, pc_owner_id, status, start_date, end_date, pc_milestone_id, pc_deliverable_id, notes) VALUES (163, 6, 'User acceptance testing', 'P1', 3, 'Complete', DATE '2026-05-31', DATE '2026-07-18', 2, 6, NULL);
INSERT INTO pc_tasks (pc_task_id, pc_project_id, task_name, priority, pc_owner_id, status, start_date, end_date, pc_milestone_id, pc_deliverable_id, notes) VALUES (164, 6, 'Integration testing', 'P1', 2, 'Complete', DATE '2025-09-22', DATE '2025-10-22', 1, 1, 'Blocked by third-party');
INSERT INTO pc_tasks (pc_task_id, pc_project_id, task_name, priority, pc_owner_id, status, start_date, end_date, pc_milestone_id, pc_deliverable_id, notes) VALUES (165, 5, 'Training workshop', 'P2', 7, 'Complete', DATE '2026-01-27', DATE '2026-02-06', 4, 7, 'Owner on PTO next week');
INSERT INTO pc_tasks (pc_task_id, pc_project_id, task_name, priority, pc_owner_id, status, start_date, end_date, pc_milestone_id, pc_deliverable_id, notes) VALUES (166, 2, 'Integration testing', 'P2', 8, 'Complete', DATE '2025-10-16', DATE '2025-11-15', 1, 8, 'Low risk');
INSERT INTO pc_tasks (pc_task_id, pc_project_id, task_name, priority, pc_owner_id, status, start_date, end_date, pc_milestone_id, pc_deliverable_id, notes) VALUES (167, 4, 'Security review', 'P2', 2, 'Complete', DATE '2026-02-06', DATE '2026-03-28', 3, 8, 'Owner on PTO next week');
INSERT INTO pc_tasks (pc_task_id, pc_project_id, task_name, priority, pc_owner_id, status, start_date, end_date, pc_milestone_id, pc_deliverable_id, notes) VALUES (168, 2, 'Kick-off meeting', 'P2', 2, 'On hold', DATE '2026-05-20', DATE '2026-06-04', 3, 9, 'Fast-tracked');
INSERT INTO pc_tasks (pc_task_id, pc_project_id, task_name, priority, pc_owner_id, status, start_date, end_date, pc_milestone_id, pc_deliverable_id, notes) VALUES (169, 2, 'Architecture design', 'P1', 5, 'In progress', DATE '2025-11-28', DATE '2026-01-08', 2, NULL, 'Blocked by third-party');
INSERT INTO pc_tasks (pc_task_id, pc_project_id, task_name, priority, pc_owner_id, status, start_date, end_date, pc_milestone_id, pc_deliverable_id, notes) VALUES (170, 2, 'Data migration', 'P2', 8, 'Blocked', DATE '2026-06-16', DATE '2026-08-06', 5, 1, 'Owner on PTO next week');
INSERT INTO pc_tasks (pc_task_id, pc_project_id, task_name, priority, pc_owner_id, status, start_date, end_date, pc_milestone_id, pc_deliverable_id, notes) VALUES (171, 6, 'Code review', 'P1', 8, 'Not started', DATE '2026-04-29', DATE '2026-05-30', NULL, 3, 'Carryover from previous sprint');
INSERT INTO pc_tasks (pc_task_id, pc_project_id, task_name, priority, pc_owner_id, status, start_date, end_date, pc_milestone_id, pc_deliverable_id, notes) VALUES (172, 4, 'Stakeholder interview', 'P1', 2, 'In progress', DATE '2026-04-25', DATE '2026-05-26', 1, 7, 'Owner on PTO next week');
INSERT INTO pc_tasks (pc_task_id, pc_project_id, task_name, priority, pc_owner_id, status, start_date, end_date, pc_milestone_id, pc_deliverable_id, notes) VALUES (173, 5, 'Kick-off meeting', 'P2', 2, 'On hold', DATE '2026-03-16', DATE '2026-04-17', 5, 6, 'Pending client approval');
INSERT INTO pc_tasks (pc_task_id, pc_project_id, task_name, priority, pc_owner_id, status, start_date, end_date, pc_milestone_id, pc_deliverable_id, notes) VALUES (174, 3, 'Post-launch monitoring', 'P3', 4, 'Complete', DATE '2026-05-02', DATE '2026-06-06', 2, 7, 'High visibility item');
INSERT INTO pc_tasks (pc_task_id, pc_project_id, task_name, priority, pc_owner_id, status, start_date, end_date, pc_milestone_id, pc_deliverable_id, notes) VALUES (175, 1, 'Integration testing', 'P3', 6, 'Not started', DATE '2026-05-17', DATE '2026-06-30', 2, 7, 'Needs revisit after M3');
INSERT INTO pc_tasks (pc_task_id, pc_project_id, task_name, priority, pc_owner_id, status, start_date, end_date, pc_milestone_id, pc_deliverable_id, notes) VALUES (176, 6, 'Bug fixing', 'P2', 3, 'Complete', DATE '2026-03-10', DATE '2026-03-31', 4, 5, 'Owner on PTO next week');
INSERT INTO pc_tasks (pc_task_id, pc_project_id, task_name, priority, pc_owner_id, status, start_date, end_date, pc_milestone_id, pc_deliverable_id, notes) VALUES (177, 6, 'Sign-off / handover', 'P0', 6, 'Not started', DATE '2026-02-16', DATE '2026-02-25', 5, NULL, 'Low risk');
INSERT INTO pc_tasks (pc_task_id, pc_project_id, task_name, priority, pc_owner_id, status, start_date, end_date, pc_milestone_id, pc_deliverable_id, notes) VALUES (178, 5, 'Unit test setup', 'P2', 3, 'Complete', DATE '2025-10-12', DATE '2025-11-21', NULL, 10, 'Owner on PTO next week');
INSERT INTO pc_tasks (pc_task_id, pc_project_id, task_name, priority, pc_owner_id, status, start_date, end_date, pc_milestone_id, pc_deliverable_id, notes) VALUES (179, 5, 'Sprint planning', 'P2', 7, 'In progress', DATE '2025-10-14', DATE '2025-11-05', 5, 5, 'Owner on PTO next week');
INSERT INTO pc_tasks (pc_task_id, pc_project_id, task_name, priority, pc_owner_id, status, start_date, end_date, pc_milestone_id, pc_deliverable_id, notes) VALUES (180, 2, 'Retrospective', 'P2', 2, 'Complete', DATE '2026-05-19', DATE '2026-06-14', 1, 9, 'Carryover from previous sprint');
INSERT INTO pc_tasks (pc_task_id, pc_project_id, task_name, priority, pc_owner_id, status, start_date, end_date, pc_milestone_id, pc_deliverable_id, notes) VALUES (181, 2, 'Frontend wireframes', 'P1', 8, 'In progress', DATE '2025-12-25', DATE '2026-01-05', 2, 2, 'Carryover from previous sprint');
INSERT INTO pc_tasks (pc_task_id, pc_project_id, task_name, priority, pc_owner_id, status, start_date, end_date, pc_milestone_id, pc_deliverable_id, notes) VALUES (182, 1, 'Deployment to staging', 'P3', 1, 'Complete', DATE '2025-11-07', DATE '2025-12-18', 4, 10, 'Fast-tracked');
INSERT INTO pc_tasks (pc_task_id, pc_project_id, task_name, priority, pc_owner_id, status, start_date, end_date, pc_milestone_id, pc_deliverable_id, notes) VALUES (183, 2, 'Load testing', 'P2', 3, 'Blocked', DATE '2025-09-23', DATE '2025-10-22', 3, NULL, 'Needs revisit after M3');
INSERT INTO pc_tasks (pc_task_id, pc_project_id, task_name, priority, pc_owner_id, status, start_date, end_date, pc_milestone_id, pc_deliverable_id, notes) VALUES (184, 3, 'Sign-off / handover', 'P1', 8, 'In progress', DATE '2026-06-01', DATE '2026-06-19', 3, 1, 'Needs revisit after M3');
INSERT INTO pc_tasks (pc_task_id, pc_project_id, task_name, priority, pc_owner_id, status, start_date, end_date, pc_milestone_id, pc_deliverable_id, notes) VALUES (185, 5, 'Retrospective', 'P2', 8, 'Blocked', DATE '2026-01-23', DATE '2026-03-16', 4, 6, NULL);
INSERT INTO pc_tasks (pc_task_id, pc_project_id, task_name, priority, pc_owner_id, status, start_date, end_date, pc_milestone_id, pc_deliverable_id, notes) VALUES (186, 3, 'API specification', 'P3', 4, 'In progress', DATE '2026-01-07', DATE '2026-01-13', NULL, 1, 'Owner on PTO next week');
INSERT INTO pc_tasks (pc_task_id, pc_project_id, task_name, priority, pc_owner_id, status, start_date, end_date, pc_milestone_id, pc_deliverable_id, notes) VALUES (187, 4, 'Post-launch monitoring', 'P0', 2, 'In progress', DATE '2025-10-13', DATE '2025-12-03', 2, 3, 'High visibility item');
INSERT INTO pc_tasks (pc_task_id, pc_project_id, task_name, priority, pc_owner_id, status, start_date, end_date, pc_milestone_id, pc_deliverable_id, notes) VALUES (188, 4, 'Database schema', 'P3', 7, 'Not started', DATE '2025-12-23', DATE '2026-02-16', 4, 9, 'Pending client approval');
INSERT INTO pc_tasks (pc_task_id, pc_project_id, task_name, priority, pc_owner_id, status, start_date, end_date, pc_milestone_id, pc_deliverable_id, notes) VALUES (189, 3, 'Stakeholder interview', 'P2', 6, 'In progress', DATE '2026-03-17', DATE '2026-03-25', 3, 8, 'Pending client approval');
INSERT INTO pc_tasks (pc_task_id, pc_project_id, task_name, priority, pc_owner_id, status, start_date, end_date, pc_milestone_id, pc_deliverable_id, notes) VALUES (190, 5, 'Post-launch monitoring', 'P0', 6, 'In progress', DATE '2025-11-10', DATE '2025-11-15', 3, 1, 'Fast-tracked');
INSERT INTO pc_tasks (pc_task_id, pc_project_id, task_name, priority, pc_owner_id, status, start_date, end_date, pc_milestone_id, pc_deliverable_id, notes) VALUES (191, 6, 'Documentation', 'P2', 1, 'Not started', DATE '2025-09-10', DATE '2025-09-29', 2, 10, NULL);
INSERT INTO pc_tasks (pc_task_id, pc_project_id, task_name, priority, pc_owner_id, status, start_date, end_date, pc_milestone_id, pc_deliverable_id, notes) VALUES (192, 6, 'Sign-off / handover', 'P2', 7, 'Not started', DATE '2026-01-26', DATE '2026-02-13', 3, 2, 'Pending client approval');
INSERT INTO pc_tasks (pc_task_id, pc_project_id, task_name, priority, pc_owner_id, status, start_date, end_date, pc_milestone_id, pc_deliverable_id, notes) VALUES (193, 2, 'User acceptance testing', 'P2', 8, 'Not started', DATE '2025-10-27', DATE '2025-12-22', 4, 4, NULL);
INSERT INTO pc_tasks (pc_task_id, pc_project_id, task_name, priority, pc_owner_id, status, start_date, end_date, pc_milestone_id, pc_deliverable_id, notes) VALUES (194, 1, 'Sprint planning', 'P2', 4, 'In progress', DATE '2026-01-28', DATE '2026-02-27', 1, 4, 'Owner on PTO next week');
INSERT INTO pc_tasks (pc_task_id, pc_project_id, task_name, priority, pc_owner_id, status, start_date, end_date, pc_milestone_id, pc_deliverable_id, notes) VALUES (195, 2, 'Training workshop', 'P2', 3, 'Not started', DATE '2026-05-27', DATE '2026-06-22', 1, 6, NULL);
INSERT INTO pc_tasks (pc_task_id, pc_project_id, task_name, priority, pc_owner_id, status, start_date, end_date, pc_milestone_id, pc_deliverable_id, notes) VALUES (196, 4, 'Integration testing', 'P2', 1, 'Complete', DATE '2026-04-29', DATE '2026-05-04', NULL, 5, 'Owner on PTO next week');
INSERT INTO pc_tasks (pc_task_id, pc_project_id, task_name, priority, pc_owner_id, status, start_date, end_date, pc_milestone_id, pc_deliverable_id, notes) VALUES (197, 5, 'Vendor evaluation', 'P0', 6, 'Not started', DATE '2026-02-24', DATE '2026-03-14', NULL, NULL, 'Blocked by third-party');
INSERT INTO pc_tasks (pc_task_id, pc_project_id, task_name, priority, pc_owner_id, status, start_date, end_date, pc_milestone_id, pc_deliverable_id, notes) VALUES (198, 4, 'Vendor evaluation', 'P3', 6, 'In progress', DATE '2025-09-23', DATE '2025-10-18', 5, 9, 'Fast-tracked');
INSERT INTO pc_tasks (pc_task_id, pc_project_id, task_name, priority, pc_owner_id, status, start_date, end_date, pc_milestone_id, pc_deliverable_id, notes) VALUES (199, 6, 'Bug fixing', 'P2', 8, 'In progress', DATE '2025-11-09', DATE '2025-11-16', NULL, 1, 'Pending client approval');
INSERT INTO pc_tasks (pc_task_id, pc_project_id, task_name, priority, pc_owner_id, status, start_date, end_date, pc_milestone_id, pc_deliverable_id, notes) VALUES (200, 5, 'Frontend wireframes', 'P0', 4, 'Not started', DATE '2026-02-09', DATE '2026-03-03', 5, 5, NULL);

COMMIT;